category,total_revenue,total_cost,total_margin,margin_pct,avg_ticket,total_orders,total_units,gold_layer
Sin Categoría,5.2494942E7,4.5746424E7,6748518.0,12.86,2759.41,19024,190381,gold
Electrónica,4.7662503E7,4.7491888E7,170615.0,0.36,2789.4,17087,172511,gold
Accesorios,4.5013631E7,4.1585115E7,3428516.0,7.62,2726.28,16511,163998,gold
Almacenamiento,4.2269043E7,4.0049572E7,2219471.0,5.25,2715.12,15568,154459,gold
Periféricos,4.0002343E7,3.799027E7,2012073.0,5.03,2787.43,14351,145104,gold
Redes,3.746332E7,3.513509E7,2328230.0,6.21,2753.24,13607,136404,gold
